0,0.07105668934240363
1,0.002072562358276644
2,0.00200453514739229
3,0.0019501133786848073
4,0.0019501133786848073
5,0.001986394557823129
6,0.001854875283446712
7,0.0018321995464852608
8,0.0017324263038548753
9,0.0016961451247165533
10,0.0015510204081632653
11,0.0015510204081632653
12,0.0015238095238095239
13,0.0015011337868480726
14,0.0014739229024943311
15,0.0015464852607709751
16,0.0015827664399092971
17,0.001600907029478458
18,0.0016780045351473922
19,0.0016689342403628119
20,0.0018140589569160999
21,0.0017052154195011339
22,0.0017959183673469388
23,0.001927437641723356
24,0.001986394557823129
25,0.0020272108843537415
26,0.002213151927437642
27,0.0023038548752834466
28,0.0022993197278911564
29,0.002326530612244898
30,0.002380952380952381
31,0.0024444444444444444
32,0.0024625850340136055
33,0.0026031746031746033
34,0.0027437641723356007
35,0.002702947845804989
36,0.00272562358276644
37,0.002893424036281179
38,0.0028253968253968255
39,0.002775510204081633
40,0.0028072562358276644
41,0.002929705215419501
42,0.0029387755102040815
43,0.003074829931972789
44,0.0030884353741496597
45,0.003052154195011338
46,0.0031020408163265306
47,0.0031882086167800455
48,0.00327437641723356
49,0.0032607709750566895
50,0.0033333333333333335
51,0.0034603174603174604
52,0.003401360544217687
53,0.0033741496598639455
54,0.0034421768707482993
55,0.0033514739229024942
56,0.003433106575963719
57,0.0034512471655328797
58,0.003401360544217687
59,0.0033514739229024942
60,0.0034467120181405895
61,0.0033560090702947844
62,0.0032970521541950113
63,0.00326984126984127
64,0.003256235827664399
65,0.003219954648526077
66,0.0031065759637188208
67,0.003002267573696145
68,0.0029024943310657597
69,0.0029478458049886623
70,0.0028752834467120182
71,0.002943310657596372
72,0.00291156462585034
73,0.0029387755102040815
74,0.002997732426303855
75,0.003052154195011338
76,0.0031655328798185943
77,0.003219954648526077
78,0.0031564625850340135
79,0.0032108843537414964
80,0.003342403628117914
81,0.0035192743764172335
82,0.0035192743764172335
83,0.0035555555555555557
84,0.0035736961451247164
85,0.003673469387755102
86,0.003727891156462585
87,0.003650793650793651
88,0.0037233560090702946
89,0.0037913832199546484
90,0.0038956916099773245
91,0.003968253968253968
92,0.003981859410430839
93,0.0040408163265306125
94,0.004063492063492063
95,0.004081632653061225
96,0.00399546485260771
97,0.0038639455782312924
98,0.004031746031746032
99,0.004226757369614513
100,0.004281179138321996
101,0.004240362811791383
102,0.004235827664399093
103,0.004281179138321996
104,0.004353741496598639
105,0.004167800453514739
106,0.004108843537414966
107,0.004058956916099773
108,0.004167800453514739
109,0.004108843537414966
110,0.004122448979591836
111,0.0038820861678004535
112,0.0038276643990929706
113,0.003918367346938775
114,0.003981859410430839
115,0.0038049886621315194
116,0.0038140589569160997
117,0.0037324263038548753
118,0.003782312925170068
119,0.003904761904761905
120,0.003918367346938775
121,0.004122448979591836
122,0.004204081632653061
123,0.004285714285714286
124,0.004399092970521542
125,0.004408163265306122
126,0.004526077097505669
127,0.0046485260770975055
128,0.004743764172335601
129,0.004888888888888889
130,0.005160997732426304
131,0.0051700680272108845
132,0.00527891156462585
133,0.005138321995464852
134,0.005179138321995465
135,0.005238095238095238
136,0.005156462585034014
137,0.005156462585034014
138,0.004866213151927438
139,0.004752834467120181
140,0.00472562358276644
141,0.004612244897959183
142,0.0044172335600907026
143,0.004380952380952381
144,0.004258503401360544
145,0.00417687074829932
146,0.004131519274376418
147,0.003977324263038548
148,0.003963718820861678
149,0.0037324263038548753
150,0.0037868480725623582
151,0.003782312925170068
152,0.0038049886621315194
153,0.003950113378684807
154,0.0038775510204081634
155,0.0038639455782312924
156,0.0039229024943310655
157,0.004049886621315193
158,0.004122448979591836
159,0.00417687074829932
160,0.004031746031746032
161,0.004108843537414966
162,0.0041859410430839005
163,0.004290249433106576
164,0.004335600907029479
165,0.004204081632653061
166,0.004253968253968254
167,0.004267573696145124
168,0.004276643990929706
169,0.00400453514739229
170,0.0039002267573696146
171,0.004027210884353741
172,0.0040408163265306125
173,0.004090702947845805
174,0.004022675736961451
175,0.003941043083900227
176,0.003936507936507937
177,0.003963718820861678
178,0.003832199546485261
179,0.0037913832199546484
180,0.003650793650793651
181,0.0036643990929705215
182,0.0037006802721088437
183,0.003541950113378685
184,0.0035192743764172335
185,0.003578231292517007
186,0.0034829931972789117
187,0.0034285714285714284
188,0.003219954648526077
189,0.0031882086167800455
190,0.0032108843537414964
191,0.0031519274376417233
192,0.003065759637188209
193,0.0029342403628117913
194,0.002979591836734694
195,0.0029387755102040815
196,0.00291156462585034
197,0.002943310657596372
198,0.0029478458049886623
199,0.002925170068027211
200,0.0029614512471655328
201,0.003061224489795918
202,0.0031655328798185943
203,0.0032426303854875284
204,0.0033015873015873015
205,0.0033061224489795917
206,0.003365079365079365
207,0.0034467120181405895
208,0.0033832199546485263
209,0.0033832199546485263
210,0.0033832199546485263
211,0.003414965986394558
212,0.0033968253968253968
213,0.003473922902494331
214,0.003346938775510204
215,0.0034421768707482993
216,0.0034421768707482993
217,0.0033015873015873015
218,0.0032335600907029477
219,0.0032653061224489797
220,0.0032380952380952383
221,0.0031791383219954648
222,0.0030476190476190477
223,0.0030884353741496597
224,0.003074829931972789
225,0.002943310657596372
226,0.0029024943310657597
227,0.0028253968253968255
228,0.00272562358276644
229,0.0028253968253968255
230,0.0029387755102040815
231,0.0027891156462585033
232,0.002712018140589569
233,0.0026621315192743764
234,0.0026621315192743764
235,0.0024625850340136055
236,0.0024489795918367346
237,0.002417233560090703
238,0.002331065759637188
239,0.0023129251700680273
240,0.0022811791383219953
241,0.0022086167800453513
242,0.002068027210884354
243,0.0019773242630385488
244,0.0019501133786848073
245,0.0017777777777777779
246,0.0017777777777777779
247,0.0018049886621315193
248,0.001673469387755102
249,0.001673469387755102
250,0.0015827664399092971
251,0.0015736961451247166
252,0.0015963718820861679
253,0.0014784580498866213
254,0.0014965986394557824
255,0.09296145124716554
